excitement,engagement,frustration,smile,laugh,clench,minExcitement,minEngagement,minFrustration,maxExcitement,maxEngagement,maxFrustration,MeanExcitement,MeanEngagement,MeanFrustration,class
0.362272811643356,0.5522387999999988,0.2522243604079249,0.0,0.0,0.0,0.29593279999999933,0.5522387999999989,0.23118762999999956,0.4322353299999993,0.5522387999999989,0.2922390999999995,0.35918579251503185,0.5522387999999989,0.2503705723209651,relaxed
0.37677252111888043,0.5522387999999988,0.27170860348484793,0.0,0.0,0.0,0.3504129599999992,0.5522387999999989,0.2523085499999995,0.43223532999999914,0.5522387999999989,0.2977111299999995,0.3783977842998621,0.5522387999999989,0.2734397327835823,relaxed
0.32811833657342604,0.5522387999999988,0.27170299694638644,0.0,0.0,0.0,0.2333419299999995,0.5522387999999989,0.2604160599999995,0.40122317999999935,0.5522387999999989,0.2794600399999996,0.3309473735504159,0.5522387999999989,0.27103315290366287,relaxed
0.18097075906759877,0.5522387999999988,0.290837596526806,0.0,0.0,0.0,0.14436833999999962,0.5522387999999989,0.2794600399999995,0.23541825999999968,0.5522387999999989,0.2970067599999995,0.18220589302226015,0.5522387999999989,0.29048403686198704,relaxed
0.21436544635198093,0.5522387999999988,0.27397244123543074,0.0,0.0,0.0,0.1619931599999995,0.5522387999999989,0.2625455299999995,0.2390306699999996,0.5522387999999989,0.28661623999999947,0.21226151238359392,0.5522387999999989,0.27509328429434843,relaxed
0.22219699868298332,0.5522387999999988,0.25779866751748204,0.0,0.0,0.0,0.19119074999999955,0.5522387999999989,0.2523690499999995,0.30583489999999974,0.5522387999999989,0.2656668999999995,0.219109607282566,0.5522387999999989,0.25829426966049174,relaxed
0.5080686606759898,0.5522387999999988,0.31840440490675936,0.0,0.0,0.0,0.30583489999999897,0.5522387999999989,0.25850766999999947,0.5666985999999992,0.5522387999999989,0.36023714999999934,0.4944931395901091,0.5522387999999989,0.3124800063697991,relaxed
0.590813297086246,0.5522387999999988,0.3970137854661998,0.0,0.0,0.0,0.5038885499999988,0.5522387999999989,0.3602371499999993,0.644589249999999,0.5522387999999989,0.41530143999999924,0.583931809007266,0.5522387999999989,0.3939429909487964,relaxed
0.6493899526107213,0.5522387999999988,0.37346464008158436,0.0,0.0,0.0,0.5575048999999986,0.5522387999999989,0.3199022999999993,0.7192849499999988,0.5522387999999989,0.4127355199999992,0.6464552656201593,0.5522387999999989,0.3763667406700807,relaxed
0.4357801944289036,0.5522387999999988,0.303812484627039,0.0,0.0,0.0,0.3738392999999992,0.5522387999999989,0.27913131999999946,0.5575048999999992,0.5522387999999989,0.3199022999999994,0.4398742858834891,0.5522387999999989,0.3046860705085724,relaxed
0.40248155843822775,0.5522387999999988,0.31851947233100175,0.0,0.0,0.0,0.3729100999999991,0.5522387999999989,0.27913131999999957,0.4733834999999995,0.5522387999999989,0.3654005799999994,0.4009718981324619,0.5522387999999989,0.3135578067394349,relaxed
0.7260584603496489,0.5522387999999988,0.4293314767016308,0.0,0.0,0.0,0.4733834999999987,0.5522387999999989,0.36255493999999916,0.8097588999999985,0.5522387999999989,0.4861517799999991,0.7065980765581832,0.5522387999999989,0.4279161051056876,relaxed
0.7679709834615368,0.5522387999999988,0.29796059870629316,0.0,0.0,0.0,0.6566893999999984,0.5522387999999989,0.2837827499999995,0.8097588999999984,0.5522387999999989,0.3625549399999994,0.7701676792573822,0.5522387999999989,0.2995971708404336,relaxed
0.5077772504661995,0.5522387999999988,0.3176024765034959,0.0,0.0,0.0,0.3961319999999992,0.5522387999999989,0.2945050999999994,0.656689399999999,0.5522387999999989,0.34466939999999935,0.512975292990613,0.5522387999999989,0.3153649694836891,relaxed
0.3276921817365961,0.5522387999999988,0.32454066292540734,0.0,0.0,0.0,0.24016756999999947,0.5522387999999989,0.3112491699999994,0.4186278599999992,0.5522387999999989,0.34466939999999935,0.3295937936533213,0.5522387999999989,0.3245920510985298,relaxed
0.17142449067599036,0.5522387999999988,0.3266757729254073,0.0,0.0,0.0,0.1514068999999997,0.5522387999999989,0.2923262999999993,0.24016756999999966,0.5522387999999989,0.35183494999999937,0.17298119395125314,0.5522387999999989,0.3285680331196792,relaxed
0.13823857033799508,0.5522387999999988,0.24508988407925364,0.0,0.0,0.0,0.09971249999999982,0.5522387999999989,0.20532705999999962,0.1827650399999997,0.5522387999999989,0.29232629999999943,0.13895981709430105,0.5522387999999989,0.2474758080368628,relaxed
0.42778221869463795,0.5522387999999988,0.30291627124708564,0.0,0.0,0.0,0.09971249999999962,0.5522387999999989,0.2053270599999996,0.5983107999999994,0.5522387999999989,0.39831587999999934,0.35356807680029684,0.5522387999999989,0.2868116144419102,relaxed
0.44674820122377534,0.5522387999999988,0.3839515811538454,0.0,0.0,0.0,0.33826249999999924,0.5522387999999989,0.3662645199999993,0.5415306999999991,0.5522387999999989,0.4245196999999992,0.45080879219029096,0.5522387999999989,0.3859679118066154,relaxed
0.26589624928904376,0.5522387999999988,0.3687092018997662,0.0,0.0,0.0,0.18364880999999958,0.5522387999999989,0.3550925999999992,0.3382624999999995,0.5522387999999989,0.37501772999999927,0.2673786516030064,0.5522387999999989,0.36921821180918957,relaxed
0.24192099163170117,0.5522387999999988,0.2890243732400928,0.0,0.0,0.0,0.1836488099999997,0.5522387999999989,0.24816594999999952,0.27402869999999946,0.5522387999999989,0.35509259999999937,0.23469159761114583,0.5522387999999989,0.29193118792412776,relaxed
0.04953453717482508,0.5522387999999988,0.45356425123543037,0.0,0.0,0.0,0.01765124999999978,0.5522387999999989,0.43271523999999917,0.09485330999999998,0.5522387999999989,0.4701733999999991,0.04219246498622204,0.5522387999999989,0.4552730632746049,relaxed
0.14877794609090883,0.5522387999999987,0.437196401818181,2.0,0.0,0.0,0.05877311499999989,0.5522387999999989,0.42497669999999915,0.21803795999999992,0.5522387999999989,0.4571193499999992,0.12981469026349918,0.5522387999999989,0.43706073608618545,relaxed
0.21468223097902056,0.5522387999999988,0.45648639846153766,2.0,0.0,0.0,0.19454666999999962,0.5522387999999989,0.4434634999999992,0.2407080999999996,0.5522387999999989,0.4722261699999991,0.21190968471868163,0.5522387999999989,0.4579337157840647,relaxed
0.5513270676923065,0.5522387999999987,0.5508980338461528,13.0,0.0,0.0,0.24441535999999908,0.5522387999999989,0.44622849999999903,0.7443284399999986,0.5522387999999989,0.630623939999999,0.5206779144146353,0.5522387999999989,0.5474694039990871,relaxed
0.7048120581818168,0.5522387999999987,0.554533689090908,10.0,0.0,0.0,0.6452635499999986,0.5522387999999989,0.5424068599999989,0.7490064499999988,0.5522387999999989,0.5678913599999988,0.7038834193815974,0.5522387999999989,0.5544656738143335,relaxed
0.6825921153846142,0.5522387999999987,0.5762504769230757,2.0,0.0,0.0,0.6555739599999986,0.5522387999999989,0.5645063999999989,0.7600080999999989,0.5522387999999989,0.598469299999999,0.6819292353761316,0.5522387999999989,0.5761930808762189,relaxed
0.8367193727272711,0.5522387999999987,0.5436887527272717,0.0,0.0,0.0,0.7600080999999982,0.5522387999999989,0.4166072599999988,0.8636827999999986,0.5522387999999989,0.600092399999999,0.836187110261884,0.5522387999999989,0.5393121763016809,relaxed
0.7301120207692293,0.5522387999999987,0.19664822461538425,0.0,0.0,0.0,0.5887770699999987,0.5522387999999989,0.1434576399999996,0.8214596999999986,0.5522387999999989,0.2947620999999999,0.726874054378381,0.5522387999999989,0.19145787281068644,relaxed
0.4420636978904421,0.5522387999999988,0.33050067488344925,3.0,0.0,0.0,0.3491044999999993,0.5522387999999989,0.22467587999999944,0.588777069999999,0.5522387999999989,0.3942440699999993,0.44625966350878177,0.5522387999999989,0.31839278643226787,relaxed
0.30956142332167774,0.5522387999999988,0.3951802862470855,4.0,0.0,0.0,0.24135732999999937,0.5522387999999989,0.38733769999999923,0.3574751599999994,0.5522387999999989,0.4112666499999993,0.3109877083297161,0.5522387999999989,0.3950460218709464,relaxed
0.2739285372727267,0.5522387999999987,0.4770767972727264,11.0,0.0,0.0,0.19383103999999957,0.5522387999999989,0.4112666499999991,0.4643246799999997,0.5522387999999989,0.512085559999999,0.2604295129098157,0.5522387999999989,0.47615025209256673,relaxed
0.7243690353846142,0.5522387999999987,0.5882753761538451,11.0,0.0,0.0,0.5975785999999986,0.5522387999999989,0.524173999999999,0.8687814999999984,0.5522387999999989,0.7728985499999987,0.7180433184192758,0.5522387999999989,0.583533794347211,relaxed
0.7702757524242411,0.5522387999999988,0.8142460718181802,2.0,0.0,0.0,0.6357695999999986,0.5522387999999989,0.7524676999999984,0.8687814999999983,0.5522387999999989,0.8757934999999986,0.7791070577079917,0.5522387999999989,0.816026803816244,relaxed
0.4630769101398592,0.5522387999999988,0.6352949956410244,2.0,0.0,0.0,0.36547439999999914,0.5522387999999989,0.5554840599999988,0.635769599999999,0.5522387999999989,0.7524676999999986,0.4657911895412005,0.5522387999999989,0.6411213276935798,relaxed
0.35870246499999925,0.5522387999999988,0.47077609923076824,0.0,0.0,0.0,0.2912349699999993,0.5522387999999989,0.38005795999999914,0.46823894999999904,0.5522387999999989,0.5554840599999991,0.3617195308065816,0.5522387999999989,0.47533626767523685,relaxed
0.31543242062937005,0.5522387999999988,0.3056045597202791,0.0,0.0,0.0,0.28083732999999944,0.5522387999999989,0.2833725999999994,0.3575890399999994,0.5522387999999989,0.38005795999999936,0.31573386247550334,0.5522387999999989,0.307521467140825,relaxed
0.40539484531468456,0.5522387999999988,0.3974529853962697,0.0,0.0,0.0,0.3096846599999994,0.5522387999999989,0.31205479999999935,0.47667842999999926,0.5522387999999989,0.5327979299999991,0.3935749881423399,0.5522387999999989,0.3817453631175559,relaxed
0.39085323813519746,0.5522387999999988,0.45985249635198044,0.0,0.0,0.0,0.35888277999999924,0.5522387999999989,0.40953936999999924,0.43955736999999917,0.5522387999999989,0.532797929999999,0.3877410858541897,0.5522387999999989,0.4639144745165854,relaxed
0.35119998496503424,0.5522387999999988,0.4421079822610714,0.0,0.0,0.0,0.30122869999999935,0.5522387999999989,0.40953936999999924,0.4395573699999993,0.5522387999999989,0.45705586999999914,0.35425578874260627,0.5522387999999989,0.44013013273931817,relaxed
0.34065134321678264,0.5522387999999988,0.5263058770979011,0.0,0.0,0.0,0.2648317499999993,0.5522387999999989,0.43992655999999913,0.40643074999999945,0.5522387999999989,0.5796809999999989,0.3309933771593326,0.5522387999999989,0.5181525524777042,relaxed
0.3582606519580413,0.5522387999999988,0.6084064089160829,0.0,0.0,0.0,0.2857611499999995,0.5522387999999989,0.5796809999999989,0.4477464999999992,0.5522387999999989,0.631361999999999,0.36157966043623707,0.5522387999999989,0.6072701758466601,relaxed
0.4178892381118872,0.5522387999999988,0.5777943323892762,0.0,0.0,0.0,0.28576114999999935,0.5522387999999989,0.5574706999999989,0.4676070799999991,0.5522387999999989,0.6070287999999989,0.4082200449556646,0.5522387999999989,0.5761875269756301,relaxed
0.41511502461538385,0.5522387999999987,0.5967019599999988,0.0,0.0,0.0,0.38120981999999914,0.5522387999999989,0.5553120399999989,0.4676070799999992,0.5522387999999989,0.6225778999999988,0.41448926202024855,0.5522387999999989,0.5961829213446974,relaxed
0.430585788752913,0.5522387999999988,0.5386437486247077,0.0,0.0,0.0,0.3641781199999992,0.5522387999999989,0.526595949999999,0.5232640499999993,0.5522387999999989,0.5473568399999988,0.4220515005767323,0.5522387999999989,0.5396663736198384,relaxed
0.3642622672727266,0.5522387999999987,0.5142727081818171,0.0,0.0,0.0,0.29414781999999945,0.5522387999999989,0.4742912699999991,0.4220262999999993,0.5522387999999989,0.530917599999999,0.3607019798461203,0.5522387999999989,0.5139604765689475,relaxed
0.29948173048950993,0.5522387999999988,0.548171946841491,0.0,0.0,0.0,0.26486807999999945,0.5522387999999989,0.47429126999999915,0.3378068799999994,0.5522387999999989,0.6327027999999989,0.2968650548867276,0.5522387999999989,0.5380892857239202,relaxed
0.6953298438578075,0.5522387999999988,0.6345033406759896,0.0,0.0,0.0,0.33780687999999914,0.5522387999999989,0.5810228999999987,0.9999999999999984,0.5522387999999989,0.6761473999999987,0.6257921702170226,0.5522387999999989,0.6366423543411917,relaxed
0.9926218654661988,0.5522387999999988,0.6143000888461527,0.0,0.0,0.0,0.9468030299999981,0.5522387999999989,0.5407572399999989,0.9999999999999982,0.5522387999999989,0.6791605999999988,0.9909306764944045,0.5522387999999989,0.6057979460165641,relaxed
0.15527466230769202,0.5522387999999987,0.3127053330769225,0.0,0.0,0.0,0.14021023999999974,0.5522387999999989,0.2563429799999994,0.19067728999999964,0.5522387999999989,0.3505921999999994,0.15440803128501548,0.5522387999999989,0.3110530775863617,amused
0.13563996200466175,0.5522387999999988,0.34479272454545384,0.0,0.0,0.0,0.11158214499999969,0.5522387999999989,0.32900133999999925,0.14951352999999976,0.5522387999999989,0.3699476999999993,0.13598435477668752,0.5522387999999989,0.3432955291022149,amused
0.09583360233100215,0.5522387999999988,0.35033692603729544,0.0,0.0,0.0,0.07875134999999978,0.5522387999999989,0.2994155299999994,0.13387518999999978,0.5522387999999989,0.38825859999999934,0.09561767889155937,0.5522387999999989,0.3527111785289319,amused
0.1218308419347317,0.5522387999999988,0.29231843355477793,0.0,0.0,0.0,0.08772520999999982,0.5522387999999989,0.27653569999999944,0.1362538599999998,0.5522387999999989,0.3120868799999994,0.11892925610724206,0.5522387999999989,0.29102109804043863,amused
0.09293081051282034,0.5522387999999988,0.3096210614801859,0.0,0.0,0.0,0.0703259899999999,0.5522387999999989,0.2942914399999994,0.13332721999999977,0.5522387999999989,0.33275709999999936,0.09364241090425296,0.5522387999999989,0.3080934376786414,amused
0.11270481654545432,0.5522387999999987,0.3138578672727267,0.0,0.0,0.0,0.07032598999999977,0.5522387999999989,0.29981833999999946,0.1322025499999998,0.5522387999999989,0.33275709999999936,0.11078562424024926,0.5522387999999989,0.31367991492920405,amused
0.08786999492307677,0.5522387999999987,0.301379098461538,0.0,0.0,0.0,0.05992654699999986,0.5522387999999989,0.26533013999999955,0.11859762999999991,0.5522387999999989,0.33204549999999944,0.08485747633675897,0.5522387999999989,0.3001655736423612,amused
0.0810365136596735,0.5522387999999988,0.3102713973426568,0.0,0.0,0.0,0.04829107999999993,0.5522387999999989,0.2653301399999995,0.11137935999999987,0.5522387999999989,0.36265071999999937,0.0807867866243438,0.5522387999999989,0.30598752098747783,amused
0.10967286432400912,0.5522387999999988,0.4229144769696962,0.0,0.0,0.0,0.04829107999999979,0.5522387999999989,0.36265071999999915,0.16307159999999982,0.5522387999999989,0.45481457999999914,0.10325402438482702,0.5522387999999989,0.41876373015262164,amused
0.15092668909090884,0.5522387999999987,0.42727055818181736,0.0,0.0,0.0,0.13090639999999967,0.5522387999999989,0.38418859999999927,0.17603843999999977,0.5522387999999989,0.46007588999999915,0.14971056105750558,0.5522387999999989,0.4263167521708681,amused
0.11587625138461514,0.5522387999999987,0.3415558861538455,0.0,2.0,0.0,0.08585109599999981,0.5522387999999989,0.30254193999999945,0.15560288999999977,0.5522387999999989,0.37665256999999935,0.11374531738153339,0.5522387999999989,0.3405832532981915,amused
0.15015789745454516,0.5522387999999987,0.28114712909090855,0.0,3.0,0.0,0.11806251999999971,0.5522387999999989,0.26432369999999944,0.22940450999999976,0.5522387999999989,0.30254193999999945,0.14538349133096826,0.5522387999999989,0.28079239414718743,amused
0.2252047015268061,0.5522387999999988,0.4604792237878779,0.0,10.0,0.0,0.19004929999999917,0.5522387999999989,0.2903025699999993,0.26765936999999956,0.5522387999999989,0.640538699999999,0.22692858810419217,0.5522387999999989,0.425837675982764,amused
0.6225189446153835,0.5522387999999987,0.8631812092307676,0.0,13.0,0.0,0.3772433399999987,0.5522387999999989,0.7152973999999983,0.7326646999999986,0.5522387999999989,0.9601763499999983,0.6087087755212904,0.5522387999999989,0.8586689809513104,amused
0.5824812694289034,0.5522387999999988,0.8344080883566416,0.0,5.0,0.0,0.5354680399999989,0.5522387999999989,0.7525870999999984,0.7326646999999987,0.5522387999999989,0.9566757999999984,0.5870730341915406,0.5522387999999989,0.839940585392013,amused
0.4829852810489502,0.5522387999999988,0.6315248148018636,0.0,2.0,0.0,0.4583119999999991,0.5522387999999989,0.5761328999999988,0.542917849999999,0.5522387999999989,0.7525870999999986,0.4858774628621556,0.5522387999999989,0.6370621045165484,amused
0.3378018945454538,0.5522387999999987,0.5949604818181806,0.0,11.0,0.0,0.2646676599999994,0.5522387999999989,0.5487044499999988,0.46629195999999923,0.5522387999999989,0.6218475999999987,0.3309716656906483,0.5522387999999989,0.5944188811755842,amused
0.47202906384615295,0.5522387999999987,0.44176779692307605,0.0,13.0,0.0,0.30885599999999896,0.5522387999999989,0.40915357999999924,0.5735012999999991,0.5522387999999989,0.5094698699999992,0.46441604467375786,0.5522387999999989,0.4403354990729146,amused
0.477897893939393,0.5522387999999988,0.3626376998717942,0.0,1.0,0.0,0.46065502999999913,0.5522387999999989,0.3218555499999993,0.4967692199999991,0.5522387999999989,0.4107137299999993,0.47718002389906133,0.5522387999999989,0.36580787389698816,amused
0.445010516946386,0.5522387999999988,0.35564785792540726,0.0,3.0,0.0,0.3756761599999992,0.5522387999999989,0.33035499999999934,0.49676921999999907,0.5522387999999989,0.3669560799999994,0.4486251763556591,0.5522387999999989,0.3550442301785962,amused
0.4339566012587404,0.5522387999999988,0.3331038764452209,0.0,0.0,0.0,0.3756761599999993,0.5522387999999989,0.3157973599999994,0.47131731999999915,0.5522387999999989,0.35873957999999934,0.4282877372778338,0.5522387999999989,0.33215871265990715,amused
0.3198770714335659,0.5522387999999988,0.3794422090792534,0.0,0.0,0.0,0.27679964999999945,0.5522387999999989,0.3587395799999993,0.4397055799999994,0.5522387999999989,0.39125301999999934,0.3229461680813567,0.5522387999999989,0.3790686682744832,amused
0.23420597175990632,0.5522387999999988,0.39621671291375216,0.0,0.0,0.0,0.2089675999999995,0.5522387999999989,0.3614037299999992,0.2767996499999996,0.5522387999999989,0.4231268999999992,0.23354918382764422,0.5522387999999989,0.39784618197234656,amused
0.1949770799067596,0.5522387999999988,0.32893590043123483,0.0,0.0,0.0,0.13691271999999968,0.5522387999999989,0.3108580399999994,0.2695645699999995,0.5522387999999989,0.3614037299999993,0.1965365393066411,0.5522387999999989,0.32901731721446714,amused
0.19353937292540752,0.5522387999999988,0.3892354161771554,0.0,0.0,0.0,0.13691271999999965,0.5522387999999989,0.3493818599999993,0.2185485499999997,0.5522387999999989,0.4476980999999992,0.19015336647426231,0.5522387999999989,0.3832276548581969,amused
0.10725178006992986,0.5522387999999988,0.4391039983449875,0.0,0.0,0.0,0.07115672999999981,0.5522387999999989,0.42343819999999915,0.17248652999999975,0.5522387999999989,0.44832771999999915,0.10694061067259832,0.5522387999999989,0.44005193369195067,amused
0.18961213836829802,0.5522387999999988,0.46051979749417166,0.0,0.0,0.0,0.09645496999999972,0.5522387999999989,0.43251379999999917,0.2395919999999996,0.5522387999999989,0.48979469999999914,0.17766870287836117,0.5522387999999989,0.46135064701480705,amused
0.24591662848484808,0.5522387999999988,0.40489042156177074,0.0,0.0,0.0,0.19873623999999954,0.5522387999999989,0.3718589999999992,0.26994955999999953,0.5522387999999989,0.4325137999999992,0.24469655895339593,0.5522387999999989,0.4068269892259811,amused
0.19158686727272692,0.5522387999999987,0.3780357327272721,0.0,0.0,0.0,0.16524840999999957,0.5522387999999989,0.3475441299999993,0.22734726999999974,0.5522387999999989,0.4442424499999994,0.19045800746934766,0.5522387999999989,0.37658224467377965,amused
0.1082233215944054,0.5522387999999988,0.16090730896270367,0.0,0.0,0.0,0.09373010999999977,0.5522387999999989,0.15151099999999973,0.12306940599999984,0.5522387999999989,0.1852722499999997,0.10736172791803598,0.5522387999999989,0.1598810808505968,sad
0.14460276034965008,0.5522387999999988,0.19106574707459176,0.0,0.0,0.0,0.10211526999999977,0.5522387999999989,0.18320001999999966,0.23167608999999972,0.5522387999999989,0.21524909999999967,0.13477284918416188,0.5522387999999989,0.19046527998357524,sad
0.22950230283216738,0.5522387999999988,0.23313682571095526,0.0,0.0,0.0,0.20192691999999957,0.5522387999999989,0.21524909999999955,0.25536965999999955,0.5522387999999989,0.24612159999999958,0.23035448589371635,0.5522387999999989,0.23259273526510812,sad
0.2052346645454542,0.5522387999999987,0.2011758590909087,0.0,0.0,0.0,0.18789244999999957,0.5522387999999989,0.18945937999999965,0.22614472999999968,0.5522387999999989,0.2185321699999996,0.2047547512203056,0.5522387999999989,0.20097929935379819,sad
0.1397596707692305,0.5522387999999987,0.1998943138461535,0.0,0.0,0.0,0.09632965999999975,0.5522387999999989,0.15888431999999966,0.1635268799999998,0.5522387999999989,0.21872992999999957,0.1380727176434294,0.5522387999999989,0.19908684930394663,sad
0.14020647769230746,0.5522387999999988,0.14390843999999975,0.0,0.0,0.0,0.11002282999999972,0.5522387999999989,0.13301288999999972,0.18802769999999974,0.5522387999999989,0.15888431999999975,0.14051708270995122,0.5522387999999989,0.14387897222765209,sad
0.20739338818181774,0.5522387999999987,0.21911623727272678,0.0,0.0,0.0,0.12342608999999966,0.5522387999999989,0.15234468999999964,0.26749709999999954,0.5522387999999989,0.25398359999999953,0.20113637195745307,0.5522387999999989,0.21641634972751797,sad
0.24553988461538415,0.5522387999999987,0.2462166699999995,0.0,0.0,0.0,0.1667287799999996,0.5522387999999989,0.2173955899999995,0.2826226999999995,0.5522387999999989,0.26817455999999956,0.24268200529472775,0.5522387999999989,0.2456487526970509,sad
0.15758210363636332,0.5522387999999987,0.18318261181818146,0.0,0.0,0.0,0.13163785999999972,0.5522387999999989,0.17061739999999967,0.18090730999999968,0.5522387999999989,0.21739558999999964,0.15671230453023058,0.5522387999999989,0.182703230081913,sad
0.16752771076923045,0.5522387999999987,0.21337056230769194,0.0,0.0,0.0,0.14571139999999966,0.5522387999999989,0.1799265299999996,0.1831236999999997,0.5522387999999989,0.23777736999999957,0.16714607157296926,0.5522387999999989,0.21252770446514782,sad
0.1030540906853145,0.5522387999999988,0.22625579243589702,0.0,0.0,0.0,0.0853552499999998,0.5522387999999989,0.21434354999999958,0.14571139999999977,0.5522387999999989,0.24390984999999957,0.1036982463027946,0.5522387999999989,0.22498502537350779,sad
0.12715907272727248,0.5522387999999987,0.2208326318181814,0.0,0.0,0.0,0.09976264999999976,0.5522387999999989,0.1998791399999996,0.15475727999999975,0.5522387999999989,0.24390984999999957,0.1261180894880052,0.5522387999999989,0.2203258725348045,sad
0.10120748949300681,0.5522387999999988,0.15477477364801837,0.0,0.0,0.0,0.07867769999999981,0.5522387999999989,0.12568905999999974,0.13430213999999982,0.5522387999999989,0.1852057599999997,0.10129222595511604,0.5522387999999989,0.15633399034990036,sad
0.10874612405244735,0.5522387999999988,0.131269331247086,0.0,0.0,0.0,0.07829600599999981,0.5522387999999989,0.12018342999999976,0.13910868999999984,0.5522387999999989,0.14347716999999974,0.1050485051706371,0.5522387999999989,0.13005070023621812,sad
0.1684450181701628,0.5522387999999988,0.12772358836829809,0.0,0.0,0.0,0.15124742999999963,0.5522387999999989,0.12004270999999975,0.18241078999999966,0.5522387999999989,0.13691600999999973,0.1680238086490612,0.5522387999999989,0.1269059141108709,sad
0.3238128870279714,0.5522387999999988,0.1581213474825172,0.0,0.0,0.0,0.24529029999999935,0.5522387999999989,0.13637203999999972,0.3889826499999994,0.5522387999999989,0.1894326399999997,0.31193008097908737,0.5522387999999989,0.15450639428597146,sad
0.2884832671095565,0.5522387999999988,0.21034289842657306,0.0,0.0,0.0,0.26445531999999944,0.5522387999999989,0.1954420199999996,0.37551119999999943,0.5522387999999989,0.22034006999999958,0.2906476170428071,0.5522387999999989,0.20873724393160945,sad
0.2037019876923073,0.5522387999999987,0.24891430153846103,0.0,0.0,0.0,0.14131929999999962,0.5522387999999989,0.21833739999999952,0.27349309999999954,0.5522387999999989,0.30756997999999947,0.19837494916428575,0.5522387999999989,0.2473583820044545,sad
0.2195364581818178,0.5522387999999987,0.30432654909090845,0.0,0.0,0.0,0.20331169999999957,0.5522387999999989,0.29685523999999947,0.2280283599999996,0.5522387999999989,0.31273029999999946,0.21940575045525684,0.5522387999999989,0.30426899011855857,sad
0.2739068692307687,0.5522387999999988,0.2765058234615379,0.0,0.0,0.0,0.22726135999999952,0.5522387999999989,0.2475028499999995,0.2991899999999995,0.5522387999999989,0.3005769799999995,0.2689615948675603,0.5522387999999989,0.2784405761047297,sad
0.2621801304195799,0.5522387999999988,0.18816624411421873,0.0,0.0,0.0,0.22746856999999948,0.5522387999999989,0.15216405999999966,0.3088499999999995,0.5522387999999989,0.23595582999999962,0.25784025043777853,0.5522387999999989,0.1901077726647275,sad
0.2584596551282046,0.5522387999999988,0.14355922048951025,0.0,0.0,0.0,0.2440325199999995,0.5522387999999989,0.13175215999999976,0.3120464699999995,0.5522387999999989,0.15130643999999974,0.26000225183576103,0.5522387999999989,0.14310404170247618,sad
0.20276614960372924,0.5522387999999988,0.16075226520978989,0.0,0.0,0.0,0.18164571999999962,0.5522387999999989,0.1531735799999997,0.2670368599999996,0.5522387999999989,0.1693815999999997,0.20353978326133423,0.5522387999999989,0.159769685288197,sad
0.1383499770337993,0.5522387999999988,0.1641108448951046,0.0,0.0,0.0,0.07405832999999976,0.5522387999999989,0.15920672999999969,0.1927836699999997,0.5522387999999989,0.17323198999999967,0.1371664924143413,0.5522387999999989,0.16422409769985008,sad
0.07851643386596721,0.5522387999999988,0.1762476540326337,0.0,0.0,0.0,0.04792485399999981,0.5522387999999989,0.15553463999999967,0.10467334999999983,0.5522387999999989,0.21309416999999967,0.07742044664033122,0.5522387999999989,0.17289144285865335,sad
0.03457059581993,0.5522387999999988,0.24509860780885734,0.0,0.0,0.0,2.2762445999997103E-4,0.5522387999999989,0.23069895999999954,0.07007112999999997,0.5522387999999989,0.26188389999999956,0.014132572736757009,0.5522387999999989,0.24386188852000873,sad
0.14319858196270369,0.5522387999999988,0.23734183755244712,0.0,0.0,0.0,0.06071585799999987,0.5522387999999989,0.21980934999999954,0.21289859999999966,0.5522387999999989,0.26693569999999955,0.12046619071201925,0.5522387999999989,0.23903547423891255,sad
0.20698380424242382,0.5522387999999988,0.24422757561771521,0.0,0.0,0.0,0.18034634999999957,0.5522387999999989,0.22702066999999956,0.2219698299999997,0.5522387999999989,0.25318902999999954,0.2063129059107265,0.5522387999999989,0.24295327952636941,sad
0.1784062279020976,0.5522387999999988,0.22469793797202753,0.0,0.0,0.0,0.13811686999999964,0.5522387999999989,0.21206688999999956,0.22952585999999964,0.5522387999999989,0.23550619999999955,0.18018363913797095,0.5522387999999989,0.22565164317467964,sad
0.19655926597902063,0.5522387999999988,0.24008026562937018,0.0,0.0,0.0,0.15685286999999967,0.5522387999999989,0.2172460099999995,0.23387401999999963,0.5522387999999989,0.26431079999999957,0.19141702125802876,0.5522387999999989,0.23877514547164472,sad
0.1426639548508156,0.5522387999999988,0.17511971150349617,0.0,0.0,0.0,0.0981380939999998,0.5522387999999989,0.14796381999999972,0.19161377999999973,0.5522387999999989,0.21931322999999966,0.1431033552202687,0.5522387999999989,0.17694162689036289,sad
0.06479357153962693,0.5522387999999988,0.15174761757575728,0.0,0.0,0.0,0.04914795599999989,0.5522387999999989,0.14796381999999972,0.09813809399999981,0.5522387999999989,0.15581370999999972,0.06364409987638599,0.5522387999999989,0.15179221794861178,sad
0.10572110867482498,0.5522387999999988,0.19489143604895065,0.0,0.0,0.0,0.0715465549999998,0.5522387999999989,0.15388307999999967,0.12410729999999985,0.5522387999999989,0.2267183499999996,0.1048297781313559,0.5522387999999989,0.19026065936708164,sad
0.1086654839090907,0.5522387999999988,0.2760865596620041,0.0,0.0,0.0,0.026655993999999447,0.5522387999999989,0.22671834999999954,0.2813434299999996,0.5522387999999989,0.3628580599999995,0.07215107429525354,0.5522387999999989,0.2686075408587948,sad
0.5503771141491831,0.5522387999999988,0.47238816501165404,0.0,12.0,0.0,0.480683479999999,0.5522387999999989,0.43874239999999914,0.623097199999999,0.5522387999999989,0.5200414699999991,0.5508287341596944,0.5522387999999989,0.46890975412265373,sad
0.5653390130186471,0.5522387999999988,0.5195543429720271,0.0,12.0,0.0,0.45835879999999907,0.5522387999999989,0.46042936999999906,0.6804458499999988,0.5522387999999989,0.564093949999999,0.5704817194231133,0.5522387999999989,0.5223955829620094,sad
0.36607212898601327,0.5522387999999988,0.3953826781701625,0.0,3.0,0.0,0.32164415999999935,0.5522387999999989,0.3477439599999993,0.4583587999999993,0.5522387999999989,0.4604293699999992,0.36874725217874493,0.5522387999999989,0.3988445039561185,sad
0.3689971192074585,0.5522387999999988,0.33191465890442823,0.0,5.0,0.0,0.3216441599999994,0.5522387999999989,0.32098873999999933,0.4083829799999993,0.5522387999999989,0.34774395999999935,0.36722255151043365,0.5522387999999989,0.3328851205317601,sad
0.2619343077972023,0.5522387999999988,0.33485215015151454,0.0,6.0,0.0,0.20555989999999957,0.5522387999999989,0.3135816499999994,0.3518304499999994,0.5522387999999989,0.3841568999999994,0.26452253822769517,0.5522387999999989,0.3317066993362985,sad
0.2692671943006988,0.5522387999999988,0.4171280966317008,3.0,12.0,0.0,0.16363247999999933,0.5522387999999989,0.38415689999999925,0.39936849999999946,0.5522387999999989,0.48874592999999916,0.24393632313090552,0.5522387999999989,0.41208444001055167,sad
0.5984000969580408,0.5522387999999988,0.517866385058274,6.0,9.0,0.0,0.3636464999999989,0.5522387999999989,0.488745929999999,0.7101934599999988,0.5522387999999989,0.5853271499999989,0.5624891506825462,0.5522387999999989,0.514596710559399,sad
0.744290708391607,0.5522387999999988,0.4702405915384606,12.0,0.0,0.0,0.5886937999999987,0.5522387999999989,0.39687877999999915,0.9999999999999984,0.5522387999999989,0.5853271499999989,0.7132493608107608,0.5522387999999989,0.47493467656500077,sad
0.9999999999999982,0.5522387999999988,0.3405108447202791,7.0,12.0,0.0,0.999999999999998,0.5522387999999989,0.3018506799999994,0.9999999999999982,0.5522387999999989,0.3968787799999993,0.9999999999999982,0.5522387999999989,0.34339171943260255,sad
0.9628448158741242,0.5522387999999988,0.5691923675174815,3.0,12.0,0.0,0.9100956999999981,0.5522387999999989,0.2910725799999993,0.9999999999999983,0.5522387999999989,0.8537141699999986,0.9633660454939666,0.5522387999999989,0.4988996707924032,sad
0.970486973741257,0.5522387999999988,0.8107523242424228,0.0,8.0,2.0,0.8714587699999982,0.5522387999999989,0.7787406999999984,0.9999999999999983,0.5522387999999989,0.8537141699999985,0.9733442964128433,0.5522387999999989,0.8124049877744162,sad
0.9634414680536113,0.5522387999999988,0.7938172809557095,7.0,12.0,3.0,0.8553530599999982,0.5522387999999989,0.7474905999999986,0.9999999999999982,0.5522387999999989,0.8765300499999984,0.9543050344502761,0.5522387999999989,0.7876316584242381,sad
0.9999999999999982,0.5522387999999988,0.960688318822842,12.0,8.0,12.0,0.9999999999999982,0.5522387999999989,0.8765300499999982,0.9999999999999982,0.5522387999999989,0.9999999999999982,0.9999999999999982,0.5522387999999989,0.9542122646436496,sad
0.8847450270745905,0.5522387999999988,0.9882233762237744,10.0,7.0,8.0,0.7581537399999985,0.5522387999999989,0.9630095999999982,0.9999999999999982,0.5522387999999989,0.9999999999999983,0.8920249361552325,0.5522387999999989,0.9894015336131686,sad
0.8808930451398584,0.5522387999999988,0.9307237392540776,1.0,12.0,1.0,0.7581537399999984,0.5522387999999989,0.8746959999999983,0.9162479599999983,0.5522387999999989,0.9925854999999983,0.8734765540879458,0.5522387999999989,0.9342333263419788,sad
0.798630917529136,0.5522387999999988,0.7307020334498822,1.0,5.0,0.0,0.7319133999999985,0.5522387999999989,0.6301860999999988,0.9019715999999985,0.5522387999999989,0.8746959999999986,0.8026459056058394,0.5522387999999989,0.7374898200849432,sad
0.5615021768531456,0.5522387999999988,0.5203792789743581,0.0,4.0,0.0,0.42495762999999903,0.5522387999999989,0.42893251999999915,0.7319133999999988,0.5522387999999989,0.630186099999999,0.5670198039586215,0.5522387999999989,0.5256206406032998,sad
0.5342915542890432,0.5522387999999988,0.4439105269696962,0.0,3.0,0.0,0.4249576299999992,0.5522387999999989,0.4071659699999992,0.585001699999999,0.5522387999999989,0.5054319999999991,0.523142442584561,0.5522387999999989,0.4390873132163319,sad
0.5004144932867123,0.5522387999999988,0.4860707700582741,0.0,10.0,0.0,0.4507340199999991,0.5522387999999989,0.45818629999999916,0.556068999999999,0.5522387999999989,0.5066247999999991,0.5040501519978827,0.5522387999999989,0.4881250664305689,sad
0.37459689272727204,0.5522387999999987,0.2363585481818177,0.0,0.0,0.0,0.30882129999999935,0.5522387999999989,0.2112079399999996,0.4779521999999992,0.5522387999999989,0.26358982999999964,0.37006964450268454,0.5522387999999989,0.23580440848886955,relaxed
0.35250409710955644,0.5522387999999988,0.19965811081585041,0.0,0.0,0.0,0.3259661999999993,0.5522387999999989,0.1896694899999996,0.3777935499999993,0.5522387999999989,0.2080582999999996,0.35040217778608934,0.5522387999999989,0.1998854457602389,relaxed
0.25479449536130494,0.5522387999999988,0.19664020282051242,0.0,0.0,0.0,0.1631627399999996,0.5522387999999989,0.16304299999999966,0.33227189999999945,0.5522387999999989,0.2280372699999996,0.25503069997700895,0.5522387999999989,0.19172519369031898,relaxed
0.18337704153846118,0.5522387999999987,0.24494727230769184,0.0,0.0,0.0,0.1615311399999996,0.5522387999999989,0.21410856999999955,0.20211165999999967,0.5522387999999989,0.26562049999999954,0.1828846009956628,0.5522387999999989,0.2441626830389093,relaxed
0.16686333868298336,0.5522387999999988,0.23837174596736552,0.0,0.0,0.0,0.13528437999999962,0.5522387999999989,0.21932093999999955,0.1940841999999997,0.5522387999999989,0.24965430999999955,0.16696621789370833,0.5522387999999989,0.23821098525141737,relaxed
0.21028410680652643,0.5522387999999988,0.2542540920862466,0.0,0.0,0.0,0.15088316999999965,0.5522387999999989,0.22723613999999956,0.23772444999999962,0.5522387999999989,0.27503481999999946,0.21064061676032594,0.5522387999999989,0.25250862431755655,relaxed
0.1528529099999997,0.5522387999999987,0.17508336272727237,0.0,0.0,0.0,0.13668277999999967,0.5522387999999989,0.13222121999999972,0.16936523999999975,0.5522387999999989,0.24213964999999962,0.15234020500552511,0.5522387999999989,0.17116096388344124,relaxed
0.22071536538461498,0.5522387999999987,0.1702309653846151,0.0,0.0,0.0,0.17028939999999954,0.5522387999999989,0.15150416999999966,0.2501360499999996,0.5522387999999989,0.20331210999999966,0.21922564350588092,0.5522387999999989,0.169623557147061,relaxed
0.25966538818181767,0.5522387999999987,0.21115834454545415,0.0,0.0,0.0,0.19996384999999953,0.5522387999999989,0.2033121099999996,0.29778629999999945,0.5522387999999989,0.21953629999999963,0.2571116736421379,0.5522387999999989,0.21109720642557864,relaxed
0.35313695461538397,0.5522387999999987,0.21308159538461496,0.0,0.0,0.0,0.2574055199999994,0.5522387999999989,0.1995430899999996,0.49848716999999915,0.5522387999999989,0.22507369999999957,0.3442390448110978,0.5522387999999989,0.2128821146086647,relaxed
0.43533744132867047,0.5522387999999988,0.22807918736596694,0.0,0.0,0.0,0.35741596999999925,0.5522387999999989,0.2083460999999996,0.4984871699999991,0.5522387999999989,0.2823220799999996,0.4389480451494573,0.5522387999999989,0.2245387005185903,relaxed
0.271231914510489,0.5522387999999988,0.2992639840559435,0.0,0.0,0.0,0.23315441999999958,0.5522387999999989,0.28232207999999936,0.35741596999999947,0.5522387999999989,0.30889539999999943,0.2737732025633974,0.5522387999999989,0.29947381301660847,relaxed
0.27815599376456834,0.5522387999999988,0.24140379884615337,0.0,0.0,0.0,0.21925895999999948,0.5522387999999989,0.1869072599999996,0.31765889999999947,0.5522387999999989,0.29524665999999955,0.27117866743506425,0.5522387999999989,0.24382777803050937,relaxed
0.38332833636363567,0.5522387999999987,0.19209642909090868,0.0,0.0,0.0,0.3074107999999993,0.5522387999999989,0.18579009999999965,0.4390277999999994,0.5522387999999989,0.19785251999999967,0.3792623050890552,0.5522387999999989,0.19204882582994084,relaxed
0.36373018879953306,0.5522387999999988,0.22528279468531426,0.0,0.0,0.0,0.3429648999999993,0.5522387999999989,0.20568868999999956,0.4022223699999994,0.5522387999999989,0.23777871999999958,0.3646316794551458,0.5522387999999989,0.2236636264755976,relaxed
0.28990074593240034,0.5522387999999988,0.26909183249417196,0.0,0.0,0.0,0.2525354599999995,0.5522387999999989,0.24612146999999954,0.3568872499999994,0.5522387999999989,0.2818057199999995,0.2927146866055994,0.5522387999999989,0.2670320559289052,relaxed
0.4696635515384606,0.5522387999999987,0.28905558461538405,2.0,0.0,0.0,0.2869550999999994,0.5522387999999989,0.27454384999999937,0.6194835299999988,0.5522387999999989,0.3108756999999994,0.4522427311079991,0.5522387999999989,0.28878353748188046,relaxed
0.5682167107226095,0.5522387999999988,0.280035253543123,7.0,0.0,0.0,0.4856169999999991,0.5522387999999989,0.27266323999999936,0.670263649999999,0.5522387999999989,0.2933154999999995,0.5731678697249484,0.5522387999999989,0.2798603002239498,relaxed
0.4097571345454537,0.5522387999999987,0.3123120399999994,11.0,0.0,0.0,0.3666747499999993,0.5522387999999989,0.2933154999999994,0.48561699999999913,0.5522387999999989,0.3353026199999995,0.407423435853625,0.5522387999999989,0.31208713114230024,relaxed
0.41141314997668915,0.5522387999999988,0.3509902590792534,9.0,0.0,0.0,0.3750727999999992,0.5522387999999989,0.3183265999999994,0.4612203199999993,0.5522387999999989,0.3847487999999994,0.4079617451506752,0.5522387999999989,0.3530305592303833,relaxed
0.25107689675990635,0.5522387999999988,0.4685534281351973,0.0,0.0,0.0,0.2370453299999995,0.5522387999999989,0.40514432999999905,0.27171137999999956,0.5522387999999989,0.49946447999999916,0.25103081916159037,0.5522387999999989,0.4655360772302018,relaxed
0.23113246053613012,0.5522387999999988,0.5373147256643346,0.0,0.0,0.0,0.1736037999999995,0.5522387999999989,0.499464479999999,0.2955165799999996,0.5522387999999989,0.5847186999999989,0.23047360545738005,0.5522387999999989,0.5335989360670124,relaxed
0.2651926351165496,0.5522387999999988,0.5487779319696958,0.0,0.0,0.0,0.19409268999999946,0.5522387999999989,0.5273261999999989,0.2950363199999995,0.5522387999999989,0.584718699999999,0.2658155092335576,0.5522387999999989,0.5506327917147315,relaxed
0.10539479882284364,0.5522387999999988,0.49036065412587304,0.0,0.0,0.0,0.06663095999999981,0.5522387999999989,0.4226330799999991,0.19409268999999982,0.5522387999999989,0.5491121999999988,0.10464252009096953,0.5522387999999989,0.49457754703599194,relaxed
0.149801601282051,0.5522387999999988,0.4423382072261064,0.0,0.0,0.0,0.07409587499999983,0.5522387999999989,0.3936683499999992,0.21112842999999964,0.5522387999999989,0.5010831399999991,0.1339482899872932,0.5522387999999989,0.43578004933718784,relaxed
0.36077849890442826,0.5522387999999988,0.5121497900932391,0.0,0.0,0.0,0.1821209199999996,0.5522387999999989,0.490269999999999,0.589963599999999,0.5522387999999989,0.5267533699999991,0.3048331888407512,0.5522387999999989,0.5124549749803693,relaxed
0.571934128053612,0.5522387999999988,0.5753552773543112,0.0,0.0,0.0,0.4746346999999989,0.5522387999999989,0.5267533699999989,0.6543157699999989,0.5522387999999989,0.6092022699999989,0.575576275067151,0.5522387999999989,0.5745276597651874,relaxed
0.5068915538694629,0.5522387999999988,0.4638834831235422,0.0,0.0,0.0,0.463679399999999,0.5522387999999989,0.41138141999999916,0.552633499999999,0.5522387999999989,0.541263699999999,0.5042498807409931,0.5522387999999989,0.46763010393733023,relaxed
0.3986469892424235,0.5522387999999988,0.39609000610722533,0.0,0.0,0.0,0.33812819999999927,0.5522387999999989,0.3530473699999993,0.4878099999999992,0.5522387999999989,0.41209956999999925,0.40180674125705773,0.5522387999999989,0.3975086731965014,relaxed
0.4084946421561764,0.5522387999999988,0.34135331826340265,0.0,0.0,0.0,0.3627924599999991,0.5522387999999989,0.30840992999999933,0.4269305499999993,0.5522387999999989,0.35814332999999937,0.4086803659367351,0.5522387999999989,0.34274851561243036,relaxed
0.25834188970862426,0.5522387999999988,0.2679221317482512,0.0,0.0,0.0,0.21319460999999956,0.5522387999999989,0.23312907999999954,0.3627924599999994,0.5522387999999989,0.30840992999999944,0.2598266180127923,0.5522387999999989,0.2701161763168086,relaxed
0.29882750259906704,0.5522387999999988,0.24018749522144478,0.0,0.0,0.0,0.26541399999999926,0.5522387999999989,0.23312907999999954,0.3316557399999995,0.5522387999999989,0.24784149999999955,0.2987508574418683,0.5522387999999989,0.23999353290429537,relaxed
0.3115830427738921,0.5522387999999988,0.27930882522144473,0.0,0.0,0.0,0.2875821599999993,0.5522387999999989,0.2442140299999995,0.3384848499999994,0.5522387999999989,0.35209744999999953,0.3124894292518025,0.5522387999999989,0.2742532250386646,relaxed
0.18866139679487143,0.5522387999999988,0.35592612261072193,0.0,0.0,0.0,0.13471862999999967,0.5522387999999989,0.33819539999999937,0.2894631999999995,0.5522387999999989,0.37984159999999934,0.18834253401514472,0.5522387999999989,0.357343229896374,relaxed
0.21963580090909046,0.5522387999999988,0.41172147110722535,0.0,0.0,0.0,0.1670681099999996,0.5522387999999989,0.33679079999999917,0.26580205999999956,0.5522387999999989,0.5431962599999991,0.21214330723915173,0.5522387999999989,0.3957631234670333,relaxed
0.2427489900233096,0.5522387999999988,0.5286965294638685,0.0,0.0,0.0,0.17698245999999954,0.5522387999999989,0.4797068199999991,0.30176293999999954,0.5522387999999989,0.5919244999999991,0.2337600546160979,0.5522387999999989,0.532210319994671,relaxed
0.3228303809324003,0.5522387999999988,0.49549410871794775,0.0,0.0,0.0,0.2826178699999993,0.5522387999999989,0.45453792999999904,0.3787868999999994,0.5522387999999989,0.5561813999999992,0.3201116353613918,0.5522387999999989,0.4901466885406092,relaxed
0.21519115297202757,0.5522387999999988,0.4578146320279711,0.0,0.0,0.0,0.13570005999999968,0.5522387999999989,0.3940531999999992,0.2907732399999995,0.5522387999999989,0.530031799999999,0.21656493700974452,0.5522387999999989,0.4621099196920489,relaxed
0.17314847475524442,0.5522387999999988,0.4482210596736589,0.0,0.0,0.0,0.1312319299999996,0.5522387999999989,0.39405319999999916,0.19185128999999979,0.5522387999999989,0.4891324999999991,0.17073937082247437,0.5522387999999989,0.44271164309008104,relaxed
0.15852530331002304,0.5522387999999988,0.48427853402097815,0.0,0.0,0.0,0.13123192999999977,0.5522387999999989,0.4649395599999991,0.20121284999999967,0.5522387999999989,0.517349359999999,0.1541778574036959,0.5522387999999989,0.48361558042793573,relaxed
0.3375760774125868,0.5522387999999988,0.542011167039626,0.0,0.0,0.0,0.20121284999999953,0.5522387999999989,0.5141194999999988,0.4335607299999995,0.5522387999999989,0.571776099999999,0.31519831606593646,0.5522387999999989,0.5388049255415727,relaxed
0.4017950287995331,0.5522387999999988,0.508562673018647,0.0,0.0,0.0,0.3601100399999992,0.5522387999999989,0.4526710499999991,0.4874580999999993,0.5522387999999989,0.5601991399999989,0.3987410843312013,0.5522387999999989,0.5119033162096185,relaxed
0.5171383185547774,0.5522387999999988,0.4841895477855469,0.0,0.0,0.0,0.46335121999999895,0.5522387999999989,0.45267104999999913,0.536155759999999,0.5522387999999989,0.512984299999999,0.5169617557347898,0.5522387999999989,0.4809824997534958,relaxed
0.3755515376223769,0.5522387999999988,0.47181788836829736,0.0,0.0,0.0,0.30295499999999925,0.5522387999999989,0.41573526999999916,0.4633512199999993,0.5522387999999989,0.5209934999999991,0.37703142421993086,0.5522387999999989,0.47534566325064675,relaxed
0.36187418421911355,0.5522387999999988,0.4192543456293698,0.0,0.0,0.0,0.31870954999999934,0.5522387999999989,0.3962856799999992,0.41580572999999926,0.5522387999999989,0.4777264999999992,0.36150789388080656,0.5522387999999989,0.4164608470093396,relaxed
0.26702002283216725,0.5522387999999988,0.519819919044288,0.0,0.0,0.0,0.2186871199999995,0.5522387999999989,0.47772649999999894,0.3187095499999995,0.5522387999999989,0.549444599999999,0.26932836715114117,0.5522387999999989,0.519824628758383,relaxed
0.17995778118881084,0.5522387999999988,0.4281176524475517,0.0,0.0,0.0,0.13722945999999964,0.5522387999999989,0.3617870999999992,0.21868711999999965,0.5522387999999989,0.48042523999999914,0.17972896265223542,0.5522387999999989,0.4314952696488376,relaxed
0.2997690186596731,0.5522387999999988,0.45243254335664257,0.0,0.0,0.0,0.20751162999999936,0.5522387999999989,0.36178709999999925,0.3322426999999995,0.5522387999999989,0.5054736999999991,0.29473441743040407,0.5522387999999989,0.44190871427207756,relaxed
0.22010871766899723,0.5522387999999988,0.49364240263403164,0.0,0.0,0.0,0.1471675799999997,0.5522387999999989,0.4832580999999991,0.3295754199999994,0.5522387999999989,0.509720399999999,0.220515908345993,0.5522387999999989,0.4929857824710159,relaxed
0.20250913160839118,0.5522387999999988,0.48905640266899675,0.0,0.0,0.0,0.14716757999999966,0.5522387999999989,0.4388844999999991,0.2399456399999996,0.5522387999999989,0.5501537299999989,0.19530060617610243,0.5522387999999989,0.48342893305817247,relaxed
0.21086282208624668,0.5522387999999988,0.46270131420745836,0.0,0.0,0.0,0.18305179999999963,0.5522387999999989,0.39025709999999925,0.2555747999999996,0.5522387999999989,0.550153729999999,0.20941771227561776,0.5522387999999989,0.4672760531299541,relaxed
0.1769324835198132,0.5522387999999988,0.4129572673659666,0.0,0.0,0.0,0.15181080999999966,0.5522387999999989,0.3902570999999993,0.20667871999999976,0.5522387999999989,0.43832859999999935,0.17468398725384146,0.5522387999999989,0.41133106475994274,relaxed
0.13775260923076899,0.5522387999999988,0.5280840380769222,0.0,0.0,0.0,0.08740858999999973,0.5522387999999989,0.4383285999999991,0.20393295999999972,0.5522387999999989,0.5844204999999989,0.13799674999872974,0.5522387999999989,0.5201779097252365,relaxed
0.07795808082867119,0.5522387999999988,0.529810592004661,0.0,0.0,0.0,0.04686765699999983,0.5522387999999989,0.466797259999999,0.11547983999999982,0.5522387999999989,0.584420499999999,0.07613174275611313,0.5522387999999989,0.5334673928852223,relaxed
0.1363710643892771,0.5522387999999988,0.44687588825174746,0.0,0.0,0.0,0.09312072399999978,0.5522387999999989,0.43632921999999913,0.16381111999999975,0.5522387999999989,0.47314753999999914,0.1293546401638681,0.5522387999999989,0.4467580606439515,relaxed
0.19736143074592039,0.5522387999999988,0.4798700647552438,0.0,0.0,0.0,0.14338367999999968,0.5522387999999989,0.4674176599999991,0.23656319999999967,0.5522387999999989,0.4967699999999991,0.19350579163829665,0.5522387999999989,0.4783955350821853,relaxed
0.14381554791375264,0.5522387999999988,0.4857881834265726,0.0,0.0,0.0,0.10241054999999978,0.5522387999999989,0.47130439999999907,0.18908239999999965,0.5522387999999989,0.4987630199999991,0.1444916933761637,0.5522387999999989,0.48690502723859025,relaxed
0.09249552425407911,0.5522387999999988,0.48006637656177065,0.0,0.0,0.0,0.06329018999999976,0.5522387999999989,0.4736142799999991,0.11643503000000001,0.5522387999999989,0.4829993799999991,0.09217788475414292,0.5522387999999989,0.4802308907351587,relaxed
0.18658588175990637,0.5522387999999988,0.5242375442657333,0.0,0.0,0.0,0.11643502999999947,0.5522387999999989,0.47361427999999905,0.22309222999999986,0.5522387999999989,0.5490640999999991,0.18461994727623107,0.5522387999999989,0.5212806078763405,relaxed
0.18412252449883415,0.5522387999999988,0.5199181302564091,0.0,0.0,0.0,0.1702582699999996,0.5522387999999989,0.5092542999999989,0.19406784999999968,0.5522387999999989,0.529108999999999,0.18415272874581676,0.5522387999999989,0.5205235777964933,relaxed
0.2542063343006988,0.5522387999999988,0.4353365952330995,0.0,0.0,0.0,0.1940678499999996,0.5522387999999989,0.4031205999999992,0.28736632999999945,0.5522387999999989,0.5092542999999992,0.24722791915699666,0.5522387999999989,0.438650479304783,relaxed
0.18186532294871757,0.5522387999999988,0.4507627255710947,0.0,0.0,0.0,0.15078667999999973,0.5522387999999989,0.41610085999999913,0.27760341999999966,0.5522387999999989,0.4604629999999992,0.18317939149417337,0.5522387999999989,0.4499404571629981,relaxed
0.19918893482517444,0.5522387999999988,0.5159024169347308,0.0,0.0,0.0,0.15922729999999966,0.5522387999999989,0.45980439999999906,0.22730831999999962,0.5522387999999989,0.538287299999999,0.19427524454145192,0.5522387999999989,0.5143587002582362,relaxed
0.18287469073426538,0.5522387999999988,0.39415972439393865,0.0,0.0,0.0,0.11932659999999973,0.5522387999999989,0.35113089999999936,0.25526484999999954,0.5522387999999989,0.4812762699999992,0.18266179106493224,0.5522387999999989,0.3979292439015783,relaxed
0.3247056630303024,0.5522387999999988,0.3879050622610716,0.0,0.0,0.0,0.1490217599999996,0.5522387999999989,0.35248115999999935,0.6656838699999992,0.5522387999999989,0.4209083299999993,0.26421819152458276,0.5522387999999989,0.3841913728359879,relaxed
0.16119007072261043,0.5522387999999988,0.3620362233916078,0.0,0.0,0.0,0.13939552999999968,0.5522387999999989,0.3188989499999994,0.18494638999999974,0.5522387999999989,0.3883689999999993,0.1592072655274373,0.5522387999999989,0.3639614826457982,sad
0.24464969053613006,0.5522387999999988,0.3197796930419574,0.0,0.0,0.0,0.1501996699999997,0.5522387999999989,0.30152779999999946,0.2769767299999997,0.5522387999999989,0.3436523699999993,0.2363630210628676,0.5522387999999989,0.31768279806816674,sad
0.2143953478787875,0.5522387999999988,0.34182471435897366,0.0,0.0,0.0,0.1648563899999996,0.5522387999999989,0.32990425999999934,0.27020173999999963,0.5522387999999989,0.3740579199999994,0.2059709040954069,0.5522387999999989,0.34114228202575314,sad
0.27660647561771506,0.5522387999999988,0.4246218386946378,0.0,0.0,0.0,0.26360737999999945,0.5522387999999989,0.3740579199999992,0.29641612999999956,0.5522387999999989,0.4453112999999992,0.27692951370623003,0.5522387999999989,0.4204864417913845,sad
0.3157034308508152,0.5522387999999988,0.4055740831701624,0.0,0.0,0.0,0.27850073999999936,0.5522387999999989,0.3870551999999992,0.3464542299999994,0.5522387999999989,0.4301720999999992,0.31322096263582233,0.5522387999999989,0.407251606624385,sad
0.27513022793706243,0.5522387999999988,0.3855990893123536,0.0,0.0,0.0,0.2508122299999995,0.5522387999999989,0.38066365999999924,0.31911476999999944,0.5522387999999989,0.3912843199999993,0.2732026270433243,0.5522387999999989,0.3855595549852331,sad
0.27807220448717895,0.5522387999999988,0.35025334567599004,0.0,0.0,0.0,0.2514496699999995,0.5522387999999989,0.3380088499999994,0.31911476999999944,0.5522387999999989,0.3855476399999994,0.2794867328828158,0.5522387999999989,0.35142980124605244,sad
0.20530270395104855,0.5522387999999988,0.3049878462820508,0.0,0.0,0.0,0.15449232999999973,0.5522387999999989,0.2851962699999995,0.25514903999999955,0.5522387999999989,0.3478606299999993,0.20704203202055232,0.5522387999999989,0.3066096874483206,sad
0.180702258333333,0.5522387999999988,0.36044470735431167,0.0,0.0,0.0,0.13808001999999966,0.5522387999999989,0.3151793499999993,0.24916460999999962,0.5522387999999989,0.37698482999999927,0.17372509934498503,0.5522387999999989,0.3581632393603008,sad
0.20570188511654974,0.5522387999999988,0.3854551477622371,0.0,0.0,0.0,0.16933033999999966,0.5522387999999989,0.37330492999999926,0.24916460999999956,0.5522387999999989,0.40810644999999923,0.20771694822824288,0.5522387999999989,0.3840627265006681,sad
0.15291942909090883,0.5522387999999987,0.3640309409090902,0.0,0.0,0.0,0.1114395299999997,0.5522387999999989,0.3147684599999994,0.17460014999999973,0.5522387999999989,0.40810644999999923,0.1510999706314065,0.5522387999999989,0.3624779510943035,sad
0.13511488623309997,0.5522387999999988,0.32504264037295977,0.0,0.0,0.0,0.08431572999999981,0.5522387999999989,0.30451583999999937,0.19034501999999973,0.5522387999999989,0.33884193999999934,0.12501154809800236,0.5522387999999989,0.32278588677986775,sad
0.25926383538461484,0.5522387999999987,0.37255105384615317,0.0,0.0,0.0,0.21615135999999957,0.5522387999999989,0.34083914999999937,0.35604849999999943,0.5522387999999989,0.4488308999999992,0.2540258602271746,0.5522387999999989,0.3711722070746656,sad
0.4272914763636355,0.5522387999999987,0.4833202945454538,0.0,0.0,0.0,0.32712429999999926,0.5522387999999989,0.44883089999999903,0.541291399999999,0.5522387999999989,0.5069560399999992,0.41947863679231684,0.5522387999999989,0.48297653738221513,sad
0.5565034569230758,0.5522387999999987,0.5080573038461528,0.0,0.0,0.0,0.5113880599999989,0.5522387999999989,0.4373030699999991,0.598002899999999,0.5522387999999989,0.535627299999999,0.5558057492377865,0.5522387999999989,0.507110564497652,sad
0.5242092327272718,0.5522387999999987,0.43265459545454465,0.0,0.0,0.0,0.426266249999999,0.5522387999999989,0.41470482999999914,0.599129259999999,0.5522387999999989,0.4427344999999992,0.5205264492730003,0.5522387999999989,0.43255731666440533,sad
0.3493443392307685,0.5522387999999987,0.36702876153846087,0.0,0.0,0.0,0.3127291199999994,0.5522387999999989,0.34738137999999935,0.3848542999999994,0.5522387999999989,0.40051219999999926,0.34827148210998254,0.5522387999999989,0.3666603232097616,sad
0.24167430620046576,0.5522387999999988,0.3475729610139853,0.0,2.0,0.0,0.17926555999999957,0.5522387999999989,0.33730345999999933,0.32512199999999947,0.5522387999999989,0.37089251999999934,0.2433351398307529,0.5522387999999989,0.349010538214175,sad
0.17274791623543093,0.5522387999999988,0.36395416462703895,0.0,5.0,0.0,0.1500264099999997,0.5522387999999989,0.3372448399999994,0.24109541999999978,0.5522387999999989,0.4062638999999993,0.17055822711346108,0.5522387999999989,0.359824876580058,sad
0.36901369289044217,0.5522387999999988,0.4792237287762228,0.0,12.0,0.0,0.24109541999999934,0.5522387999999989,0.4062638999999992,0.4404120399999993,0.5522387999999989,0.5156112999999989,0.3548752570539104,0.5522387999999989,0.47260554603248167,sad
0.445594337867132,0.5522387999999988,0.4854353417715608,0.0,9.0,0.0,0.4138741799999992,0.5522387999999989,0.4646919399999991,0.4624953999999992,0.5522387999999989,0.515611299999999,0.4448038755746187,0.5522387999999989,0.4857707170765716,sad
0.36218744744755177,0.5522387999999988,0.5018191697086238,0.0,2.0,0.0,0.3329265699999993,0.5522387999999989,0.4561848999999991,0.41705834999999947,0.5522387999999989,0.534635249999999,0.3626404444028047,0.5522387999999989,0.5044709843999315,sad
0.26650933909090857,0.5522387999999987,0.4421262763636355,0.0,0.0,0.0,0.23146701999999947,0.5522387999999989,0.4389116999999992,0.3329265699999994,0.5522387999999989,0.4561848999999992,0.264473493357623,0.5522387999999989,0.44210288859066077,sad
0.25718398220279676,0.5522387999999988,0.523480636946386,0.0,0.0,0.0,0.22533085999999944,0.5522387999999989,0.43926473999999915,0.2887095999999996,0.5522387999999989,0.6211594299999988,0.2560305355355019,0.5522387999999989,0.5100033903151312,sad
0.24464196307692251,0.5522387999999987,0.5686748538461528,0.0,0.0,0.0,0.19552860999999952,0.5522387999999989,0.5494497999999989,0.2743340699999996,0.5522387999999989,0.6088233999999989,0.24352961649923896,0.5522387999999989,0.5683697987568167,sad
0.19956843123543086,0.5522387999999988,0.49391663188811086,0.0,0.0,0.0,0.1685949299999996,0.5522387999999989,0.46819629999999907,0.21775891999999958,0.5522387999999989,0.549449799999999,0.19748248939941818,0.5522387999999989,0.4968283042967386,sad
0.20268521265734227,0.5522387999999988,0.44382866755244665,0.0,0.0,0.0,0.12985631999999966,0.5522387999999989,0.39306047999999916,0.24821023999999964,0.5522387999999989,0.4780093699999991,0.20363480421118163,0.5522387999999989,0.4463663038325277,sad
0.15794086593240067,0.5522387999999988,0.35402025489510425,0.0,0.0,0.0,0.12985631999999978,0.5522387999999989,0.3350114999999994,0.17056457999999972,0.5522387999999989,0.3930604799999994,0.15605131475315143,0.5522387999999989,0.35490036155361565,sad
0.16243068030302998,0.5522387999999988,0.3419143197319341,0.0,0.0,0.0,0.13027296999999968,0.5522387999999989,0.3298484399999993,0.19553997999999975,0.5522387999999989,0.3602909699999994,0.15975694683583816,0.5522387999999989,0.3429928302697112,sad
0.15939038327505795,0.5522387999999988,0.33431865289044227,0.0,0.0,0.0,0.14711173999999963,0.5522387999999989,0.29726466999999945,0.17734631999999978,0.5522387999999989,0.3523686999999994,0.15950648753452695,0.5522387999999989,0.3357751212571856,sad
0.17602118708624676,0.5522387999999988,0.2684611497668993,0.0,3.0,0.0,0.15006607999999966,0.5522387999999989,0.25685885999999947,0.19221319999999967,0.5522387999999989,0.29726466999999956,0.1756767993194205,0.5522387999999989,0.26975929723058023,sad
0.22790292615384578,0.5522387999999988,0.3044367774475518,2.0,1.0,0.0,0.1538443099999997,0.5522387999999989,0.25827809999999946,0.26419484999999954,0.5522387999999989,0.36871069999999945,0.2191828502999583,0.5522387999999989,0.2980234145861757,sad
0.2766770118181813,0.5522387999999987,0.39703662272727197,10.0,11.0,0.0,0.2468345999999995,0.5522387999999989,0.3687106999999992,0.35307937999999955,0.5522387999999989,0.4110292999999992,0.2743275437151895,0.5522387999999989,0.39689366772916734,sad
0.8376139329020964,0.5522387999999988,0.5669644867016306,12.0,12.0,0.0,0.5207098999999985,0.5522387999999989,0.41137644999999906,0.9999999999999984,0.5522387999999989,0.6778979299999989,0.7916939921974042,0.5522387999999989,0.5461521903096459,sad
0.983861679825173,0.5522387999999988,0.6663751145104881,4.0,7.0,0.0,0.9631837999999981,0.5522387999999989,0.5763129599999987,0.9999999999999982,0.5522387999999989,0.7509223999999987,0.9836034576061558,0.5522387999999989,0.6715715645746965,sad
0.9022620953846137,0.5522387999999987,0.5254902476923067,3.0,5.0,0.0,0.7833172999999983,0.5522387999999989,0.5113056999999989,0.9912262999999982,0.5522387999999989,0.555283199999999,0.8989994694868384,0.5522387999999989,0.5252487895202453,sad
0.6417507769230758,0.5522387999999987,0.4695407407692299,0.0,2.0,0.0,0.4753112499999991,0.5522387999999989,0.4425769699999991,0.7905770999999986,0.5522387999999989,0.5113056999999991,0.634107166770829,0.5522387999999989,0.4690791228747051,sad
0.4683073081818173,0.5522387999999987,0.5220864681818171,0.0,0.0,0.0,0.436623039999999,0.5522387999999989,0.48063095999999905,0.48864861999999915,0.5522387999999989,0.573203899999999,0.46792965768852124,0.5522387999999989,0.5211121049901015,sad
0.35863232692307634,0.5522387999999987,0.46549745461538383,0.0,3.0,0.0,0.29335757999999934,0.5522387999999989,0.4006051699999992,0.4564616399999993,0.5522387999999989,0.5342469999999991,0.353886881863045,0.5522387999999989,0.4638601625874346,sad
0.269926348508158,0.5522387999999988,0.37665972508158435,0.0,2.0,0.0,0.24508074999999951,0.5522387999999989,0.3532306299999993,0.2983034299999995,0.5522387999999989,0.4209548999999993,0.2713493148759596,0.5522387999999989,0.37528556565780496,sad
0.2900255881818176,0.5522387999999987,0.45261031636363563,0.0,11.0,0.0,0.2450807499999995,0.5522387999999989,0.4209548999999992,0.3434607699999995,0.5522387999999989,0.4732711599999992,0.28786836754383216,0.5522387999999989,0.45235468333423623,sad
0.20886381615384575,0.7392152715384602,0.33693291384615315,0.0,0.0,0.0,0.17992355999999965,0.7188793399999986,0.2876564599999994,0.25953876999999953,0.7723170999999986,0.3976941999999993,0.20739808136797228,0.7390230866880554,0.3348669488043141,sad
0.2594572867016312,0.7028524511888099,0.27206136222610666,0.0,0.0,0.0,0.2423550299999995,0.6812914599999985,0.25745594999999943,0.27525029999999945,0.7422465699999987,0.28765645999999945,0.2600537373738953,0.7048534145354906,0.2732004376118971,sad
0.22930690709790166,0.7354364546153834,0.25477475821678275,0.0,0.0,0.0,0.20142274999999957,0.7027290999999988,0.24601637999999956,0.2459467199999996,0.7597014999999986,0.2630546699999995,0.23046294862819303,0.7360644774758638,0.25546486839067273,sad
0.19878626636363597,0.7201433036363623,0.24002195818181776,0.0,0.0,0.0,0.1822393799999996,0.7027290999999988,0.23458776999999953,0.20915737999999967,0.7379456999999987,0.24601637999999956,0.19857107801961363,0.7200192212317963,0.2399965218026893,sad
0.19380077803030268,0.6984842604195789,0.23627505427738876,0.0,0.0,0.0,0.17618731999999968,0.6753030399999985,0.22866741999999957,0.21572531999999967,0.7331587999999988,0.24586554999999957,0.19285229494512438,0.7009887730372844,0.23700476508993473,sad
0.2544017972727268,0.7210256299533786,0.29843742694638636,0.0,0.0,0.0,0.22747310999999953,0.7018223399999987,0.2542686499999994,0.2854356199999995,0.7349474399999988,0.3260738599999994,0.25046740217067925,0.7204683194438155,0.2938467995289448,sad
0.30152457011654954,0.6592549903613041,0.3280911073659667,0.0,0.0,0.0,0.2789429699999994,0.6350878499999989,0.3197483399999994,0.32436249999999944,0.6932499399999986,0.3400425599999993,0.3019207883731992,0.6617971610064305,0.3274180936603103,sad
0.32727455930069865,0.6213190535431223,0.40409634299533725,0.0,0.0,0.0,0.3008182299999994,0.6114438999999988,0.33766313999999936,0.3449566699999994,0.6360231599999989,0.4650277999999992,0.3262727309218476,0.620927037662755,0.3947543340213825,sad
0.3158585323076917,0.6701139538461525,0.4975693530769222,0.0,0.0,0.0,0.27837961999999944,0.6494373999999987,0.483401899999999,0.41280399999999945,0.6862460999999986,0.513767999999999,0.31405250758250486,0.6699908050758979,0.4974434327942003,sad
0.4374847654545446,0.6618006145454532,0.4888412372727264,0.0,0.0,0.0,0.4072298399999991,0.6459868999999987,0.4748223399999991,0.4689335199999992,0.6781197999999987,0.49433347999999916,0.43679420408030606,0.6616838088583576,0.4887932460920961,sad
0.3638669076923069,0.6522020953846143,0.4544849884615376,0.0,0.0,0.0,0.3176120499999993,0.6413717999999987,0.42083199999999915,0.39833026999999926,0.6749031999999988,0.49176084999999914,0.36289850239564364,0.6520941858319478,0.45370821523771576,sad
0.2981879327272721,0.6303391872727261,0.3967987154545447,0.0,0.0,0.0,0.2787328699999995,0.6135068499999988,0.3778423399999993,0.32740319999999934,0.6459552599999988,0.4212382699999993,0.29764994339917056,0.6302270426655135,0.39652996154349196,sad
0.26206322137529087,0.6053495385547775,0.3486027043006986,0.0,4.0,0.0,0.2462441599999995,0.5922797299999989,0.33960392999999933,0.2909553299999995,0.6222176599999988,0.3673402999999994,0.26027057500451617,0.6046539905262103,0.3495090629999171,sad
0.3338449706410249,0.6290513537296024,0.4549752485431226,0.0,4.0,0.0,0.2849451599999994,0.6140929999999988,0.3508950199999992,0.3782875199999993,0.6465143599999987,0.510362859999999,0.3282263357170811,0.6302873919201674,0.4425292534549746,sad
0.4355539347086239,0.5945988469930058,0.5302783486596726,0.0,12.0,0.0,0.38421582999999926,0.5851106599999989,0.5169984999999989,0.5212706999999993,0.6079075999999989,0.5541625999999991,0.4279305229978571,0.5956614371803881,0.5284767640822194,sad
0.4329799261538454,0.5747746446153835,0.5759490399999988,0.0,12.0,0.0,0.4215434799999992,0.567961339999999,0.5406083999999989,0.4388870599999992,0.5818234699999989,0.591282399999999,0.4329517757140276,0.5747575239845298,0.5757597868813863,sad
0.36486233454545386,0.5642038963636352,0.5021930363636354,0.0,2.0,0.0,0.28687124999999936,0.5615227999999989,0.4558666999999991,0.4215434799999993,0.567961339999999,0.540608399999999,0.3618872277009238,0.5642002590180588,0.5013170194597234,sad
0.3136558247668992,0.5585968132867122,0.4223487994172487,0.0,12.0,0.0,0.27038759999999945,0.5571726999999989,0.4008344699999992,0.42709689999999967,0.5605943999999989,0.44553779999999915,0.30325889110513893,0.5587627162507106,0.4242529111873932,sad
0.5705254874592063,0.5556771860023298,0.3901024695337988,0.0,12.0,0.0,0.5414648699999988,0.554860899999999,0.37580427999999927,0.5981051299999991,0.5566792999999989,0.40406482999999926,0.5696141400438883,0.5557604775915437,0.3891189128591923,sad
0.7997236991648337,0.5540197833846144,0.46668636753846066,0.0,8.0,0.0,0.5981051299999985,0.5534929599999989,0.4040648299999992,0.8881612399999985,0.554860899999999,0.49958162999999917,0.7934473657977316,0.5540692018515843,0.4647950524018113,sad
0.6076522438811176,0.5531443655361296,0.4200808805011647,0.0,3.0,0.0,0.49296159999999895,0.5529052999999989,0.4053118199999992,0.7647975999999986,0.5534929599999989,0.44211399999999923,0.6139874344518264,0.5531691959581279,0.42038490117072985,sad
0.4745926327389268,0.5527200536596726,0.38838728658508087,0.0,2.0,0.0,0.4252267499999991,0.5525929999999989,0.34816399999999925,0.5071450499999991,0.5529052999999989,0.4206133499999993,0.4755806559386797,0.5527332539315465,0.3904344897752572,sad
